<?xml version="1.0" encoding="UTF-8"?>
<metadata xml:lang="zh"><Esri><CreaDate>20240401</CreaDate><CreaTime>12253500</CreaTime><ArcGISFormat>1.0</ArcGISFormat><SyncOnce>TRUE</SyncOnce><DataProperties><lineage><Process ToolSource="d:\arcgis\desktop10.2\ArcToolbox\Toolboxes\Data Management Tools.tbx\CreateFeatureclass" Date="20240401" Time="122535">CreateFeatureclass "D:\My study\arcpy_plugin\testData\txzhty_2" AGNP_g2p.shp POINT # DISABLED DISABLED # # 0 0 0</Process><Process ToolSource="d:\arcgis\desktop10.2\ArcToolbox\Toolboxes\Data Management Tools.tbx\AddField" Date="20240401" Time="122535">AddField "D:\My study\arcpy_plugin\testData\txzhty_2\AGNP_g2p.shp" class String # # # # NULLABLE NON_REQUIRED #</Process><Process ToolSource="d:\arcgis\desktop10.2\ArcToolbox\Toolboxes\Data Management Tools.tbx\AddField" Date="20240401" Time="122535">AddField "D:\My study\arcpy_plugin\testData\txzhty_2\AGNP_g2p.shp" name String # # # # NULLABLE NON_REQUIRED #</Process><Process ToolSource="d:\arcgis\desktop10.2\ArcToolbox\Toolboxes\Data Management Tools.tbx\AddField" Date="20240401" Time="122535">AddField "D:\My study\arcpy_plugin\testData\txzhty_2\AGNP_g2p.shp" pinyin String # # # # NULLABLE NON_REQUIRED #</Process><Process ToolSource="d:\arcgis\desktop10.2\ArcToolbox\Toolboxes\Data Management Tools.tbx\AddField" Date="20240401" Time="122536">AddField "D:\My study\arcpy_plugin\testData\txzhty_2\AGNP_g2p.shp" jianch String # # # # NULLABLE NON_REQUIRED #</Process><Process ToolSource="d:\arcgis\desktop10.2\ArcToolbox\Toolboxes\Data Management Tools.tbx\AddField" Date="20240401" Time="122536">AddField "D:\My study\arcpy_plugin\testData\txzhty_2\AGNP_g2p.shp" priority Integer # # # # NULLABLE NON_REQUIRED #</Process><Process ToolSource="d:\arcgis\desktop10.2\ArcToolbox\Toolboxes\Data Management Tools.tbx\AddField" Date="20240401" Time="122536">AddField "D:\My study\arcpy_plugin\testData\txzhty_2\AGNP_g2p.shp" smgiguid String # # # # NULLABLE NON_REQUIRED #</Process><Process ToolSource="d:\arcgis\desktop10.2\ArcToolbox\Toolboxes\Data Management Tools.tbx\AddField" Date="20240401" Time="122536">AddField "D:\My study\arcpy_plugin\testData\txzhty_2\AGNP_g2p.shp" smgiversio Integer # # # # NULLABLE NON_REQUIRED #</Process><Process ToolSource="d:\arcgis\desktop10.2\ArcToolbox\Toolboxes\Data Management Tools.tbx\AddField" Date="20240401" Time="122536">AddField "D:\My study\arcpy_plugin\testData\txzhty_2\AGNP_g2p.shp" smgidel String # # # # NULLABLE NON_REQUIRED #</Process><Process ToolSource="d:\arcgis\desktop10.2\ArcToolbox\Toolboxes\Data Management Tools.tbx\AddField" Date="20240401" Time="122536">AddField "D:\My study\arcpy_plugin\testData\txzhty_2\AGNP_g2p.shp" smgiopuser String # # # # NULLABLE NON_REQUIRED #</Process><Process ToolSource="d:\arcgis\desktop10.2\ArcToolbox\Toolboxes\Data Management Tools.tbx\AddField" Date="20240401" Time="122536">AddField "D:\My study\arcpy_plugin\testData\txzhty_2\AGNP_g2p.shp" inprov String # # # # NULLABLE NON_REQUIRED #</Process><Process ToolSource="d:\arcgis\desktop10.2\ArcToolbox\Toolboxes\Data Management Tools.tbx\AddField" Date="20240401" Time="122536">AddField "D:\My study\arcpy_plugin\testData\txzhty_2\AGNP_g2p.shp" updatetime String # # # # NULLABLE NON_REQUIRED #</Process><Process ToolSource="d:\arcgis\desktop10.2\ArcToolbox\Toolboxes\Data Management Tools.tbx\AddField" Date="20240401" Time="122536">AddField "D:\My study\arcpy_plugin\testData\txzhty_2\AGNP_g2p.shp" updatesour String # # # # NULLABLE NON_REQUIRED #</Process><Process ToolSource="d:\arcgis\desktop10.2\ArcToolbox\Toolboxes\Data Management Tools.tbx\AddField" Date="20240401" Time="122536">AddField "D:\My study\arcpy_plugin\testData\txzhty_2\AGNP_g2p.shp" ysmc String # # # # NULLABLE NON_REQUIRED #</Process><Process ToolSource="d:\arcgis\desktop10.2\ArcToolbox\Toolboxes\Data Management Tools.tbx\AddField" Date="20240401" Time="122536">AddField "D:\My study\arcpy_plugin\testData\txzhty_2\AGNP_g2p.shp" bz String # # # # NULLABLE NON_REQUIRED #</Process><Process ToolSource="d:\arcgis\desktop10.2\ArcToolbox\Toolboxes\Data Management Tools.tbx\AddField" Date="20240401" Time="122536">AddField "D:\My study\arcpy_plugin\testData\txzhty_2\AGNP_g2p.shp" attach String # # # # NULLABLE NON_REQUIRED #</Process><Process ToolSource="C:\Users\Aki\AppData\Roaming\ESRI\Desktop10.2\ArcToolbox\My Toolboxes\工具箱.tbx\g2p" Date="20240401" Time="122538">g2p gdb\AGNP "D:\My study\arcpy_plugin\testData\txzhty_2\AGNP_g2p.shp"</Process></lineage></DataProperties></Esri></metadata>
