<?xml version="1.0" encoding="UTF-8"?>
<metadata xml:lang="zh"><Esri><CreaDate>20240401</CreaDate><CreaTime>12270600</CreaTime><ArcGISFormat>1.0</ArcGISFormat><SyncOnce>TRUE</SyncOnce><DataProperties><lineage><Process ToolSource="d:\arcgis\desktop10.2\ArcToolbox\Toolboxes\Data Management Tools.tbx\CreateFeatureclass" Date="20240401" Time="122706">CreateFeatureclass "D:\My study\arcpy_plugin\testData\txzhty_2" ClipBoundary_g2p.shp POLYGON # DISABLED DISABLED # # 0 0 0</Process><Process ToolSource="d:\arcgis\desktop10.2\ArcToolbox\Toolboxes\Data Management Tools.tbx\AddField" Date="20240401" Time="122706">AddField "D:\My study\arcpy_plugin\testData\txzhty_2\ClipBoundary_g2p.shp" TYPE String # # # # NULLABLE NON_REQUIRED #</Process><Process ToolSource="d:\arcgis\desktop10.2\ArcToolbox\Toolboxes\Data Management Tools.tbx\AddField" Date="20240401" Time="122706">AddField "D:\My study\arcpy_plugin\testData\txzhty_2\ClipBoundary_g2p.shp" SHAPE_Leng DOUBLE # # # # NULLABLE NON_REQUIRED #</Process><Process ToolSource="d:\arcgis\desktop10.2\ArcToolbox\Toolboxes\Data Management Tools.tbx\AddField" Date="20240401" Time="122706">AddField "D:\My study\arcpy_plugin\testData\txzhty_2\ClipBoundary_g2p.shp" SHAPE_Area DOUBLE # # # # NULLABLE NON_REQUIRED #</Process><Process ToolSource="C:\Users\Aki\AppData\Roaming\ESRI\Desktop10.2\ArcToolbox\My Toolboxes\工具箱.tbx\g2p" Date="20240401" Time="122707">g2p gdb\ClipBoundary "D:\My study\arcpy_plugin\testData\txzhty_2\ClipBoundary_g2p.shp"</Process></lineage></DataProperties></Esri></metadata>
